mica_isabell,ni침a,+1
romulomansilla,ni침o,+1
fiorellamoscososolis,ni침a,+1
marielenaquinto,ni침o,
fiore29cg,ni침a,+1
carenpahola,ni침o,+1
kiaraidrogoparedes,Kiarix7812 @gmail.com,+1
sofilopezmori,ni침a,+1
liz.castrof,ni침o,
candy293gl,ni침o,
silvana.camposcarrizales,ni침a,
silvana.camposcarrizales,ni침a,
melifernandeza,ni침a,+1
pattybella2307,ni침a,
jenioneill,ni침a,+1
pattymikaela,ni침a,+1
yojanatu,ni침a,+1
katiae26,ni침a,
miyibu_sisniegas,ni침o,
lurodriguezc,ni침o,
mariluazoe,ni침o,+1
carlosrs73,ni침o,+1
elizabethcg73,ni침o,+1
rosazunigajara,ni침o,+1
sixdiana,ni침o,+1
xer1be,ni침o,+1
menitakom,ni침a,
susan_chang_luna,ni침a,+1
sweetmommysblog,ni침a,
darlynivonne,ni침o,+1
ktz181,Me encantooo que linda iniciativa chicas 游땑,
ktz181,ni침a,+1
susval81,ni침o,+1
katiuskagosorio,ni침a,+1
smarzhitah,ni침o,+1
raysaccahua,ni침o,
mica_isabell,ni침a,+1
charo_amor2,ni침a,+1
jonaykergutierrez,ni침a,+1
luyandogloria,ni침o,+1
luvi_vincent_,ni침a,+1
grace_suarez,ni침a,+1
sifuentes8911,ni침a,+1
marialauragutierrezrojas,ni침a,+1
karenllupton,ni침o,
mayitamch,ni침o,+1
lesliemar13,ni침a,+1
jazmin94shey,ni침a,+1
jgisella,ni침a,
perlamezadediaz,ni침o,+1
glorissaxd,ni침a,+1
mariee_aguilarr,ni침a,+1
gloriaccdl,ni침a,+1
kiaraidrogoparedes,Participen miguel ange,
valeriaguerra8,ni침a,
sergioalica,ni침a,+1
fiorezanabria,ni침a,
cornejosarita,ni침a,
